,associate,cause/effect,cluster,compare,identify,interpret,locate,predict,retrieve value
associate,1.0,0.6257481146886311,0.0010914207632149993,0.6878504813631028,6.337238769581544e-07,0.6539070962518673,0.9286505528624742,0.081968454633601,0.05845601826448797
cause/effect,0.6257481146886311,1.0,0.00011345097055543377,0.896799792708021,1.1277661088411563e-05,0.31007486633302356,0.6539070962518673,0.25102849341754524,0.012202567498827465
cluster,0.0010914207632149993,0.00011345097055543377,1.0,0.00018648931394563058,2.124835491127689e-17,0.006642416204023375,0.0008387093546423838,2.9993907918250094e-07,0.2302252947560854
compare,0.6878504813631028,0.896799792708021,0.00018648931394563058,1.0,5.771698388467602e-06,0.38805313994776114,0.7363831120192375,0.2011889686438645,0.018648331503900918
identify,6.337238769581544e-07,1.1277661088411563e-05,2.124835491127689e-17,5.771698388467602e-06,1.0,4.324394025671558e-08,8.62793425492184e-07,0.0019268659372404626,1.2551383294658186e-12
interpret,0.6539070962518673,0.31007486633302356,0.006642416204023375,0.38805313994776114,4.324394025671558e-08,1.0,0.6257481146886311,0.022775587242460114,0.17612484695298938
locate,0.9286505528624742,0.6539070962518673,0.0008387093546423838,0.7363831120192375,8.62793425492184e-07,0.6257481146886311,1.0,0.09626614849687969,0.04903039601418934
predict,0.081968454633601,0.25102849341754524,2.9993907918250094e-07,0.2011889686438645,0.0019268659372404626,0.022775587242460114,0.09626614849687969,1.0,0.00013787136129047507
retrieve value,0.05845601826448797,0.012202567498827465,0.2302252947560854,0.018648331503900918,1.2551383294658186e-12,0.17612484695298938,0.04903039601418934,0.00013787136129047507,1.0
